<application>
  <component name="FileTypeManager" version="17">
    <ignoreFiles list="*.hprof;*.pyc;*.pyo;*.rbc;*.yarb;*~;.DS_Store;.git;.hg;.svn;.tea;.umi;CVS;__pycache__;_svn;node_modules;vssver.scc;vssver2.scc;" />
    <extensionMap>
      <mapping ext="sjs" type="ActionScript" />
      <mapping ext="acss" type="CSS" />
      <mapping ext="axml" type="HTML" />
      <mapping ext="wxml" type="HTML" />
      <mapping pattern=".sjs" type="JavaScript" />
      <mapping pattern=".env.local.local" type="PLAIN_TEXT" />
      <mapping pattern=".env.production" type="PLAIN_TEXT" />
      <mapping pattern="date_dom.md" type="PLAIN_TEXT" />
      <mapping pattern="prom.md" type="PLAIN_TEXT" />
      <mapping pattern="tips" type="PLAIN_TEXT" />
      <mapping pattern="git历史和原理.md" type="PLAIN_TEXT" />
      <mapping pattern="pop-text.less" type="PLAIN_TEXT" />
      <mapping pattern="finify" type="PLAIN_TEXT" />
      <mapping pattern="shopCarModal" type="Vue.js" />
    </extensionMap>
  </component>
</application>